{
	"format_version": "1.8.0",
	"animations": {
		"static": {
			"loop": true,
			"animation_length": 0.0833
		},
		"static_idle": {
			"loop": true,
			"animation_length": 0.125,
			"bones": {
				"constraint": {
					"rotation": [0, 0, 0],
					"position": [0, 0, 0],
					"scale": 1
				},
				"righthand_gun": {
					"rotation": [0, 0, 0],
					"position": [0, 0, 0],
					"scale": 1
				},
				"lefthand_mag": {
					"rotation": [0, 0, 0],
					"position": [0, 0, 0],
					"scale": 1
				}
			}
		},
		"static_bolt_caught": {
			"loop": true,
			"animation_length": 0.0417,
			"bones": {
				"slide": {
					"position": [0, 0, 2.25]
				},
				"holdopen_lever": {
					"rotation": [4.76462, 4.48451, 0.3734]
				},
				"hammer": {
					"rotation": [-29, 0, 0]
				}
			}
		},
		"shoot": {
			"animation_length": 0.5,
			"bones": {
				"righthand_gun": {
					"rotation": {
						"0.0": [0, 0, 0],
						"0.0833": [-2.25, 0, 0],
						"0.125": [-2.05388, 0, 0],
						"0.1667": [-0.97569, 0, 0],
						"0.2083": [0.3271, 0, 0],
						"0.25": [0.83, 0, 0],
						"0.2917": [1.0095, 0, 0],
						"0.3333": [0.94644, 0, 0],
						"0.4583": [0.08982, 0, 0],
						"0.5": [0, 0, 0]
					},
					"position": {
						"0.0": [0, 0, 0],
						"0.0833": [0, 0, 0.46875],
						"0.125": [0, -0.02788, 0.4694],
						"0.1667": [0, -0.17187, 0.45535],
						"0.2083": [0, -0.31587, 0.3813],
						"0.25": [0, -0.34375, 0.3],
						"0.2917": [0, -0.32316, 0.2208],
						"0.3333": [0, -0.26179, 0.1445],
						"0.375": [0, -0.17187, 0.07902],
						"0.4167": [0, -0.08196, 0.03246],
						"0.4583": [0, -0.02059, 0.00726],
						"0.5": [0, 0, 0]
					},
					"scale": {
						"0.0": [1, 1, 1],
						"0.5": [1, 1, 1]
					}
				},
				"slide": {
					"position": {
						"0.0": [0, 0, 0],
						"0.0417": [0, 0, 1.14],
						"0.0833": [0, 0, 2.27875],
						"0.125": [0, 0, 2.27875],
						"0.1667": [0, 0, 1.14063],
						"0.2083": [0, 0, 0]
					}
				},
				"hammer": {
					"rotation": [59.75, 0, 0]
				},
				"lefthand_mag": {
					"position": {
						"0.0": [0, 0, 0],
						"0.0833": [0, 0, 1.04688],
						"0.125": [0, 0, 1.04688],
						"0.1667": [0, 0, 1.00001],
						"0.2083": [0, 0, 0.89357],
						"0.25": [0, 0, 0.75593],
						"0.375": [0, 0, 0.29095],
						"0.4167": [0, 0, 0.1533],
						"0.4583": [0, 0, 0.04687],
						"0.5": [0, 0, 0]
					}
				}
			}
		},
		"reload_tactical": {
			"animation_length": 1.9167,
			"bones": {
				"righthand_gun": {
					"rotation": {
						"0.0": [0, 0, 0],
						"0.0417": [-0.02113, -0.78889, -0.69105],
						"0.0833": [-0.07696, -2.87338, -2.51701],
						"0.125": [-0.15461, -5.77217, -5.05627],
						"0.1667": [-0.2397, -8.94898, -7.83908],
						"0.2083": [-0.31734, -11.84777, -10.37834],
						"0.25": [-0.37317, -13.93227, -12.2043],
						"0.2917": [-0.3943, -14.72115, -12.89535],
						"0.8333": [-0.3943, -14.72115, -12.89535],
						"0.9583": [-0.3943, -14.72115, -12.89535],
						"1.4583": [-0.3943, -14.72115, -12.89535],
						"1.5": [-0.37902, -14.15047, -12.39544],
						"1.5417": [-0.34744, -12.97154, -11.36273],
						"1.5833": [-0.30834, -11.51159, -10.08386],
						"1.75": [-0.12909, -4.81944, -4.22171],
						"1.7917": [-0.08597, -3.20956, -2.81149],
						"1.8333": [-0.04686, -1.74962, -1.53262],
						"1.875": [-0.01529, -0.57069, -0.49991],
						"1.9167": [0, 0, 0]
					},
					"position": {
						"0.0": [0, 0, 0],
						"0.0417": [-0.08624, 0.2311, -0.18756],
						"0.0833": [-0.31413, 0.84175, -0.68316],
						"0.125": [-0.63104, 1.69093, -1.37235],
						"0.1667": [-0.97834, 2.62157, -2.12765],
						"0.2083": [-1.29525, 3.47075, -2.81684],
						"0.25": [-1.52313, 4.0814, -3.31244],
						"0.2917": [-1.60937, 4.3125, -3.5],
						"0.8333": [-1.60937, 4.3125, -3.5],
						"0.9583": [-1.60937, 4.3125, -3.5],
						"1.4583": [-1.60937, 4.3125, -3.5],
						"1.5": [-1.54699, 4.14532, -3.36432],
						"1.5417": [-1.4181, 3.79996, -3.08402],
						"1.5833": [-1.25849, 3.37227, -2.73692],
						"1.625": [-1.08249, 2.90066, -2.35416],
						"1.75": [-0.52688, 1.41184, -1.14584],
						"1.7917": [-0.35088, 0.94023, -0.76308],
						"1.8333": [-0.19127, 0.51254, -0.41598],
						"1.875": [-0.06239, 0.16718, -0.13568],
						"1.9167": [0, 0, 0]
					},
					"scale": {
						"0.0": [1, 1, 1],
						"1.9167": [1, 1, 1]
					}
				},
				"righthand_pos": {
					"position": {
						"0.0": [0, 0, 0],
						"0.9167": [-0.85937, 0, 0]
					}
				},
				"lefthand_mag": {
					"rotation": {
						"0.0": [0, 0, 0],
						"1.9167": [0, 0, 0]
					},
					"position": {
						"0.0": [0, 0, 0],
						"0.0417": [-0.10299, 0.0988, 0],
						"0.0833": [-0.37513, 0.35988, 0],
						"0.125": [-0.75357, 0.72294, 0],
						"0.1667": [-1.16831, 1.12081, 0],
						"0.2083": [-1.54675, 1.48387, 0],
						"0.25": [-1.81888, 1.74495, 0],
						"0.2917": [-1.92187, 1.84375, 0],
						"0.3333": [-1.92187, 1.62452, 0],
						"0.375": [-1.92187, 1.23016, 0],
						"0.4167": [-1.92188, 0.76902, 0],
						"0.4583": [-1.92188, 0.27166, 0],
						"0.5": [-1.92187, -0.24768, 0],
						"0.7083": [-1.92188, -2.95357, 0],
						"0.75": [-1.92187, -3.48669, 0],
						"0.7917": [-1.92187, -4.00603, 0],
						"0.8333": [-1.92188, -4.50339, 0],
						"0.875": [-1.92187, -4.96453, 0],
						"0.9167": [-1.92187, -5.3589, 0],
						"0.9583": [-1.92187, -5.57812, 0],
						"1.0": [-1.92187, -5.30793, 0],
						"1.0417": [-1.92187, -4.76934, 0],
						"1.0833": [-1.92188, -4.11281, 0],
						"1.125": [-1.92187, -3.39271, 0],
						"1.1667": [-1.92188, -2.63779, 0],
						"1.25": [-1.92187, -1.09659, 0],
						"1.2917": [-1.92188, -0.34167, 0],
						"1.3333": [-1.92187, 0.37843, 0],
						"1.375": [-1.92187, 1.03497, 0],
						"1.4167": [-1.92187, 1.57356, 0],
						"1.4583": [-1.92187, 1.84375, 0],
						"1.5": [-1.84737, 1.77227, 0],
						"1.5417": [-1.69346, 1.62462, 0],
						"1.5833": [-1.50286, 1.44177, 0],
						"1.75": [-0.62919, 0.60361, 0],
						"1.7917": [-0.41901, 0.40198, 0],
						"1.8333": [-0.22842, 0.21913, 0],
						"1.875": [-0.0745, 0.07148, 0],
						"1.9167": [0, 0, 0]
					},
					"scale": {
						"0.0": [1, 1, 1],
						"1.9167": [1, 1, 1]
					}
				}
			}
		},
		"reload_empty": {
			"animation_length": 2.2917,
			"bones": {
				"righthand_gun": {
					"rotation": {
						"0.0": [0, 0, 0],
						"0.0417": [-0.01355, -0.50585, -0.44311],
						"0.0833": [-0.03973, -1.48344, -1.29945],
						"0.125": [-0.07124, -2.6597, -2.32983],
						"0.375": [-0.28868, -10.77769, -9.44098],
						"0.4167": [-0.32306, -12.06145, -10.56552],
						"0.4583": [-0.35457, -13.23772, -11.5959],
						"0.5": [-0.38075, -14.21531, -12.45224],
						"0.5417": [-0.3943, -14.72115, -12.89535],
						"0.9583": [-0.3943, -14.72115, -12.89535],
						"1.5": [-0.3943, -14.72115, -12.89535],
						"1.5833": [-0.3943, -14.72115, -12.89535],
						"1.625": [-0.38317, -14.30535, -12.53112],
						"1.6667": [-0.3635, -13.57118, -11.888],
						"2.0833": [-0.10377, -3.87406, -3.39357],
						"2.2083": [-0.0308, -1.14998, -1.00735],
						"2.25": [-0.01114, -0.4158, -0.36423],
						"2.2917": [0, 0, 0]
					},
					"position": {
						"0.0": [0, 0, 0],
						"0.0417": [-0.0553, 0.14819, -0.12027],
						"0.0833": [-0.16218, 0.43457, -0.35269],
						"0.125": [-0.29077, 0.77915, -0.63235],
						"0.1667": [-0.43112, 1.15522, -0.93757],
						"0.3333": [-1.03118, 2.76316, -2.24257],
						"0.375": [-1.17826, 3.15728, -2.56243],
						"0.4167": [-1.31861, 3.53335, -2.86765],
						"0.4583": [-1.4472, 3.87793, -3.14731],
						"0.5": [-1.55407, 4.16431, -3.37973],
						"0.5417": [-1.60937, 4.3125, -3.5],
						"0.9583": [-1.60937, 4.3125, -3.5],
						"1.5": [-1.60937, 4.3125, -3.5],
						"1.5833": [-1.60937, 4.3125, -3.5],
						"1.625": [-1.56392, 4.19069, -3.40114],
						"1.6667": [-1.48366, 3.97562, -3.22659],
						"1.7083": [-1.39048, 3.72594, -3.02396],
						"1.75": [-1.29031, 3.45754, -2.80612],
						"2.0417": [-0.53074, 1.42218, -1.15424],