{
	"format_version": "1.8.0",
	"animations": {
		"static": {
			"loop": true,
			"animation_length": 0.0833
		},
		"static_idle": {
			"loop": true,
			"animation_length": 0.125,
			"bones": {
				"constraint": {
					"rotation": [0, 0, 0],
					"position": [0, 0, 0],
					"scale": 1
				},
				"righthand_gun": {
					"rotation": [0, 0, 0],
					"position": [0, 0, 0],
					"scale": 1
				},
				"lefthand_mag": {
					"rotation": [0, 0, 0],
					"position": [0, 0, 0],
					"scale": 1
				}
			}
		},
		"static_bolt_caught": {
			"loop": true,
			"animation_length": 0.0417,
			"bones": {
				"slide": {
					"position": [0, 0, 2.25]
				},
				"holdopen_lever": {
					"rotation": [4.76462, 4.48451, 0.3734]
				},
				"hammer": {
					"rotation": [-29, 0, 0]
				}
			}
		},
		"shoot": {
			"loop": "hold_on_last_frame",
			"animation_length": 0.5,
			"bones": {
				"slide": {
					"position": {
						"0.0": [0, 0, 0],
						"0.0417": [0, 0, 0.5625],
						"0.0833": [0, 0, 2.27875],
						"0.125": [0, 0, 0.88937],
						"0.1667": [0, 0, 0]
					}
				},
				"constraint": {
					"rotation": {
						"0.0": [0, 0, 0],
						"0.5": [0, 0, 0]
					},
					"position": {
						"0.0": [0, 0, 0],
						"0.5": [0, 0, 0]
					},
					"scale": {
						"0.0": [1, 1, 1],
						"0.5": [1, 1, 1]
					}
				},
				"righthand_gun": {
					"rotation": {
						"0.0": [0, 0, 0],
						"0.0417": [-4.75, 0, 0],
						"0.0833": [-17.09, 0, 0],
						"0.125": [-4.45, 0, 0],
						"0.1667": [7.5, 0, 0],
						"0.2083": [-0.5, 0, 0],
						"0.25": [-0.5, 0, 0],
						"0.5": [0, 0, 0]
					},
					"position": {
						"0.0": [0, 0, 0],
						"0.0417": [0, 0, 0.64063],
						"0.0833": [0, 0.98063, 0.85813],
						"0.125": [0, -0.58, 0.8],
						"0.1667": [0, -1.32812, 1.35938],
						"0.2083": [0, -1.32812, 1.35938],
						"0.25": [0, -1.32812, 1.35938],
						"0.5": [0, 0, 0]
					},
					"scale": {
						"0.0": [1, 1, 1],
						"0.1667": [1, 1.14063, 1],
						"0.2083": [1, 1.14063, 1],
						"0.25": [1, 1.14063, 1],
						"0.5": [1, 1, 1]
					}
				},
				"lefthand_mag": {
					"rotation": {
						"0.0": [0, 0, 0],
						"0.0833": [-15.5, 0, 0],
						"0.125": [-4.2, 0, 0],
						"0.1667": [5.52, 0, 0],
						"0.5": [0, 0, 0]
					},
					"position": {
						"0.0": [0, 0, 0],
						"0.0417": [0, 0, 1.45313],
						"0.0833": [0, 1.09375, 3.35125],
						"0.125": [0, 0.32375, 2.42625],
						"0.1667": [0, 0.29, 3.33188],
						"0.5": [0, 0, 0]
					},
					"scale": {
						"0.0": [1, 1, 1],
						"0.5": [1, 1, 1]
					}
				}
			}
		},
		"draw": {
			"animation_length": 0.6667,
			"bones": {
				"constraint": {
					"rotation": [0, 0, 0],
					"position": [0, 0, 0],
					"scale": 1
				},
				"righthand_gun": {
					"rotation": {
						"0.0": [31.28449, -0.77497, 1.0631],
						"0.0417": [31.28449, -0.77497, 1.0631],
						"0.0833": [31.28449, -0.77497, 1.0631],
						"0.125": [31.28449, -0.77497, 1.0631],
						"0.1667": [23.78449, -0.77497, 1.0631],
						"0.2083": [23.78449, -0.77497, 1.0631],
						"0.25": [15.53449, -0.77497, 1.0631],
						"0.2917": [8.79024, -0.90414, 1.24028],
						"0.5417": [-11.06813, -1.67911, 2.30337],
						"0.5833": [-1.81813, -1.67911, 2.30337],
						"0.625": [2.75, 0, 0],
						"0.6667": [0, 0, 0]
					},
					"position": {
						"0.0": [-0.49, -10.245, 13.81188],
						"0.0417": [-0.49, -10.245, 13.81188],
						"0.0833": [-0.49, -10.245, 13.81188],
						"0.125": [-0.49, -10.245, 13.81188],
						"0.1667": [-0.49, -7.90125, 12.0775],
						"0.2083": [-0.49, -5.02625, 10.06188],
						"0.25": [-0.49, -3.87, 8.265],
						"0.2917": [-0.57, -3.06062, 7.16875],
						"0.3333": [-0.65625, -2.19625, 6.22563],
						"0.375": [-0.65625, -1.43062, 4.86625],
						"0.4167": [-0.65625, -0.52437, 3.3975],
						"0.4583": [-0.65625, -0.04, 3.3975],
						"0.5": [-0.65625, -0.04, 2.585],
						"0.5417": [0, -0.04687, 2.125],
						"0.5833": [0, -0.04687, 1.32813],
						"0.625": [0, -0.40625, 0],
						"0.6667": [0, 0, 0]
					},
					"scale": 1
				},
				"lefthand_mag": {
					"rotation": [0, 0, 0],
					"position": {
						"0.0": [0, -10.15625, 14.59375],
						"0.6667": [0, 0, 0]
					},
					"scale": 1
				}
			}
		},
		"put_away": {
			"animation_length": 0.5,
			"bones": {
				"constraint": {
					"rotation": [0, 0, 0],
					"position": [0, 0, 0],
					"scale": 1
				},
				"righthand_gun": {
					"rotation": {
						"0.0": [0, 0, 0],
						"0.0417": [0, -9, 0],
						"0.2083": [9.25, -20.75, 0],
						"0.2917": [18.01811, -32.22241, -3.94344],
						"0.3333": [20.58392, -41.90154, -8.18437],
						"0.4167": [29.83352, -58.26406, -20.10434],
						"0.4583": [42.08352, -58.26406, -20.10434]
					},
					"position": {
						"0.0": [0, 0, 0],
						"0.0417": [-0.125, 0, 0.65625],
						"0.2083": [-0.54187, -0.4375, 1.75375],
						"0.2917": [-2.13562, -0.4375, 3.50375],
						"0.3333": [-1.93687, -0.44, 5.82813],
						"0.4167": [0.09125, -1.14312, 5.83],
						"0.4583": [0.09, -2.58062, 5.83],
						"0.5": [0.09, -3.7675, 7.72063]
					},
					"scale": 1
				},
				"lefthand_mag": {
					"rotation": {
						"0.0": [0, 0, 0],
						"0.1667": [6.25, 0, 0],
						"0.2083": [6.43287, 13.66668, 1.52597]
					},
					"position": {
						"0.0": [0, 0, 0],
						"0.1667": [1.65, -1.03125, 2.46438],
						"0.2083": [3.65, -1.03, 3.74125],
						"0.2917": [5.3375, -1.03, 7.72438]
					},
					"scale": 1
				}
			}
		}
	}
}