{
	"format_version": "1.8.0",
	"animations": {
		"static": {
			"loop": true,
			"animation_length": 0.0833
		},
		"static_idle": {
			"loop": true,
			"animation_length": 0.125,
			"bones": {
				"constraint": {
					"rotation": [0, 0, 0],
					"position": [0, 0, 0],
					"scale": 1
				},
				"righthand_gun": {
					"rotation": [0, 0, 0],
					"position": [0, 0, 0],
					"scale": 1
				},
				"lefthand_mag": {
					"rotation": [0, 0, 0],
					"position": [0, 0, 0],
					"scale": 1
				}
			}
		},
		"static_bolt_caught": {
			"loop": true,
			"animation_length": 0.0417,
			"bones": {
				"slide": {
					"position": [0, 0, 2.25]
				},
				"holdopen_lever": {
					"rotation": [4.76462, 4.48451, 0.3734]
				},
				"hammer": {
					"rotation": [-29, 0, 0]
				}
			}
		},
		"shoot": {
			"loop": "hold_on_last_frame",
			"animation_length": 0.5,
			"bones": {
				"slide": {
					"position": {
						"0.0": [0, 0, 0],
						"0.0417": [0, 0, 0.5625],
						"0.0833": [0, 0, 2.27875],
						"0.125": [0, 0, 2.27875],
						"0.1667": [0, 0, 1.14063],
						"0.2083": [0, 0, 0]
					}
				},
				"constraint": {
					"rotation": {
						"0.0": [0, 0, 0],
						"0.5": [0, 0, 0]
					},
					"position": {
						"0.0": [0, 0, 0],
						"0.5": [0, 0, 0]
					},
					"scale": {
						"0.0": [1, 1, 1],
						"0.5": [1, 1, 1]
					}
				},
				"righthand_gun": {
					"rotation": {
						"0.0": [0, 0, 0],
						"0.0417": [-4.75, 0, 0],
						"0.0833": [-17.09, 0, 0],
						"0.125": [-4.45, 0, 0],
						"0.1667": [7.5, 0, 0],
						"0.2083": [-0.5, 0, 0],
						"0.25": [-0.5, 0, 0],
						"0.5": [0, 0, 0]
					},
					"position": {
						"0.0": [0, 0, 0],
						"0.0417": [0, 0, 0.64063],
						"0.0833": [0, 0.98063, 0.85813],
						"0.125": [0, -0.58, 0.8],
						"0.1667": [0, -1.32812, 1.35938],
						"0.2083": [0, -1.32812, 1.35938],
						"0.25": [0, -1.32812, 1.35938],
						"0.5": [0, 0, 0]
					},
					"scale": {
						"0.0": [1, 1, 1],
						"0.1667": [1, 1.14063, 1],
						"0.2083": [1, 1.14063, 1],
						"0.25": [1, 1.14063, 1],
						"0.5": [1, 1, 1]
					}
				},
				"lefthand_mag": {
					"rotation": {
						"0.0": [0, 0, 0],
						"0.0833": [-15.5, 0, 0],
						"0.125": [-4.2, 0, 0],
						"0.1667": [5.52, 0, 0],
						"0.5": [0, 0, 0]
					},
					"position": {
						"0.0": [0, 0, 0],
						"0.0417": [0, 0, 1.45313],
						"0.0833": [0, 1.09375, 3.35125],
						"0.125": [0, 0.32375, 2.42625],
						"0.1667": [0, 0.29, 3.33188],
						"0.5": [0, 0, 0]
					},
					"scale": {
						"0.0": [1, 1, 1],
						"0.5": [1, 1, 1]
					}
				},
				"hammer": {
					"rotation": {
						"0.0": [60, 0, 0],
						"0.0417": [-21.5, 0, 0],
						"0.2083": [0, 0, 0],
						"0.5": [0, 0, 0]
					},
					"position": {
						"0.0417": [0, 0, 0],
						"0.2083": [0, 0, 0],
						"0.5": [0, 0, 0]
					},
					"scale": {
						"0.0417": [1, 1, 1],
						"0.2083": [1, 1, 1],
						"0.5": [1, 1, 1]
					}
				}
			}
		},
		"draw": {
			"animation_length": 0.6667,
			"bones": {
				"constraint": {
					"rotation": [0, 0, 0],
					"position": [0, 0, 0],
					"scale": 1
				},
				"righthand_gun": {
					"rotation": {
						"0.0": [31.28449, -0.77497, 1.0631],
						"0.0417": [23.78449, -0.77497, 1.0631],
						"0.0833": [23.78449, -0.77497, 1.0631],
						"0.125": [15.53449, -0.77497, 1.0631],
						"0.1667": [8.79024, -0.90414, 1.24028],
						"0.4167": [-11.06813, -1.67911, 2.30337],
						"0.4583": [-1.81813, -1.67911, 2.30337],
						"0.5": [2.75, 0, 0],
						"0.6667": [0, 0, 0]
					},
					"position": {
						"0.0": [-0.49, -10.245, 13.81188],
						"0.0417": [-0.49, -7.90125, 12.0775],
						"0.0833": [-0.49, -5.02625, 10.06188],
						"0.125": [-0.49, -3.87, 8.265],
						"0.1667": [-0.57, -3.06062, 7.16875],
						"0.2083": [-0.65625, -2.19625, 6.22563],
						"0.25": [-0.65625, -1.43062, 4.86625],
						"0.2917": [-0.65625, -0.52437, 3.3975],
						"0.3333": [-0.65625, -0.04, 3.3975],
						"0.375": [-0.65625, -0.04, 2.585],
						"0.4167": [0, -0.04687, 2.125],
						"0.4583": [0, -0.04687, 1.32813],
						"0.5": [0, -0.40625, 0],
						"0.6667": [0, 0, 0]
					},
					"scale": 1
				},
				"lefthand_mag": {
					"rotation": [0, 0, 0],
					"position": {
						"0.0": [0, -10.15625, 14.59375],
						"0.6667": [0, 0, 0]
					},
					"scale": 1
				},
				"idle_view": {
					"rotation": {
						"0.0": [0, 0, 0],
						"0.0417": [3.89, 2.65, 0.34],
						"0.0833": [3.85, 2.51, 0.32],
						"0.125": [3.59, 2.15, 0.28],
						"0.1667": [3.17, 1.66, 0.21],
						"0.2083": [2.67, 1.1, 0.14],
						"0.25": [2.14, 0.56, 0.08],
						"0.2917": [1.67, 0.1, 0.02],
						"0.3333": [1.31, -0.19, -0.02],
						"0.375": [1.08, -0.31, -0.04],
						"0.4167": [0.86, -0.35, -0.04],
						"0.4583": [0.67, -0.33, -0.04],
						"0.5": [0.49, -0.27, -0.03],
						"0.5417": [0.34, -0.19, -0.02],
						"0.5833": [0.21, -0.11, -0.01],
						"0.625": [0.09, -0.04, 0],
						"0.6667": [0, 0, 0]
					},
					"position": {
						"0.0": [0, 0, 0],
						"0.0417": [0, 0, 0],
						"0.0833": [0, 0, 0],
						"0.125": [0, 0, 0],
						"0.1667": [0, 0, 0],
						"0.2083": [0, 0, 0],
						"0.25": [0, 0, 0],
						"0.2917": [0, 0, 0],
						"0.3333": [0, 0, 0],
						"0.375": [0, 0, 0],
						"0.4167": [0, 0, 0],
						"0.4583": [0, 0, 0],
						"0.5": [0, 0, 0],
						"0.5417": [0, 0, 0],
						"0.5833": [0, 0, 0],
						"0.625": [0, 0, 0],
						"0.6667": [0, 0, 0]
					},
					"scale": {
						"0.0": [1, 1, 1],
						"0.0417": [1, 1, 1],
						"0.0833": [1, 1, 1],
						"0.125": [1, 1, 1],
						"0.1667": [1, 1, 1],
						"0.2083": [1, 1, 1],
						"0.25": [1, 1, 1],
						"0.2917": [1, 1, 1],
						"0.3333": [1, 1, 1],
						"0.375": [1, 1, 1],
						"0.4167": [1, 1, 1],
						"0.4583": [1, 1, 1],
						"0.5": [1, 1, 1],
						"0.5417": [1, 1, 1],
						"0.5833": [1, 1, 1],
						"0.625": [1, 1, 1],
						"0.6667": [1, 1, 1]
					}
				},
				"camera": {
					"rotation": {
						"0.0": [0, 0, 0],
						"0.0417": [3.89, 2.65, 0.34],
						"0.0833": [3.85, 2.51, 0.32],
						"0.125": [3.59, 2.15, 0.28],
						"0.1667": [3.17, 1.66, 0.21],
						"0.2083": [2.67, 1.1, 0.14],
						"0.25": [2.14, 0.56, 0.08],
						"0.2917": [1.67, 0.1, 0.02],
						"0.3333": [1.31, -0.19, -0.02],
						"0.375": [1.08, -0.31, -0.04],
						"0.4167": [0.86, -0.35, -0.04],
						"0.4583": [0.67, -0.33, -0.04],
						"0.5": [0.49, -0.27, -0.03],
						"0.5417": [0.34, -0.19, -0.02],
						"0.5833": [0.21, -0.11, -0.01],
						"0.625": [0.09, -0.04, 0],
						"0.6667": [0, 0, 0]
					},
					"position": {
						"0.0": [0, 0, 0],
						"0.0417": [0, 0, 0],
						"0.0833": [0, 0, 0],
						"0.125": [0, 0, 0],
						"0.1667": [0, 0, 0],
						"0.2083": [0, 0, 0],
						"0.25": [0, 0, 0],
						"0.2917": [0, 0, 0],
						"0.3333": [0, 0, 0],
						"0.375": [0, 0, 0],
						"0.4167": [0, 0, 0],
						"0.4583": [0, 0, 0],
						"0.5": [0, 0, 0],
						"0.5417": [0, 0, 0],
						"0.5833": [0, 0, 0],
						"0.625": [0, 0, 0],
						"0.6667": [0, 0, 0]
					},
					"scale": {
						"0.0": [1, 1, 1],
						"0.0417": [1, 1, 1],
						"0.0833": [1, 1, 1],
						"0.125": [1, 1, 1],
						"0.1667": [1, 1, 1],
						"0.2083": [1, 1, 1],
						"0.25": [1, 1, 1],
						"0.2917": [1, 1, 1],
						"0.3333": [1, 1, 1],
						"0.375": [1, 1, 1],
						"0.4167": [1, 1, 1],
						"0.4583": [1, 1, 1],
						"0.5": [1, 1, 1],
						"0.5417": [1, 1, 1],
						"0.5833": [1, 1, 1],
						"0.625": [1, 1, 1],
						"0.6667": [1, 1, 1]
					}
				}
			}
		},
		"put_away": {
			"animation_length": 0.5,
			"bones": {
				"constraint": {
					"rotation": [0, 0, 0],
					"position": [0, 0, 0],
					"scale": 1
				},
				"righthand_gun": {
					"rotation": {
						"0.0": [0, 0, 0],
						"0.0417": [0, -9, 0],
						"0.2083": [9.25, -20.75, 0],
						"0.2917": [18.01811, -32.22241, -3.94344],
						"0.3333": [20.58392, -41.90154, -8.18437],
						"0.4167": [29.83352, -58.26406, -20.10434],
						"0.4583": [42.08352, -58.26406, -20.10434]
					},