{
	"format_version": "1.8.0",
	"animations": {
		"shoot": {
			"animation_length": 0.5,
			"bones": {
				"righthand_gun": {
					"rotation": {
						"0.0": [0, 0, 0],
						"0.0833": [-2.25, 0, 0],
						"0.125": [-2.05388, 0, 0],
						"0.1667": [-0.97569, 0, 0],
						"0.2083": [0.3271, 0, 0],
						"0.25": [0.83, 0, 0],
						"0.2917": [1.0095, 0, 0],
						"0.3333": [0.94644, 0, 0],
						"0.4583": [0.08982, 0, 0],
						"0.5": [0, 0, 0]
					},
					"position": {
						"0.0": [0, 0, 0],
						"0.0833": [0, 0, 0.46875],
						"0.125": [0, -0.02788, 0.4694],
						"0.1667": [0, -0.17187, 0.45535],
						"0.2083": [0, -0.31587, 0.3813],
						"0.25": [0, -0.34375, 0.3],
						"0.2917": [0, -0.32316, 0.2208],
						"0.3333": [0, -0.26179, 0.1445],
						"0.375": [0, -0.17187, 0.07902],
						"0.4167": [0, -0.08196, 0.03246],
						"0.4583": [0, -0.02059, 0.00726],
						"0.5": [0, 0, 0]
					},
					"scale": {
						"0.0": [1, 1, 1],
						"0.5": [1, 1, 1]
					}
				},
				"slide": {
					"position": {
						"0.0": [0, 0, 0],
						"0.0833": [0, 0, 2.27875],
						"0.125": [0, 0, 2.27875],
						"0.1667": [0, 0, 1.14063],
						"0.2083": [0, 0, 0]
					}
				},
				"lefthand_mag": {
					"position": {
						"0.0": [0, 0, 0],
						"0.0833": [0, 0, 1.04688],
						"0.125": [0, 0, 1.04688],
						"0.1667": [0, 0, 1.00001],
						"0.2083": [0, 0, 0.89357],
						"0.25": [0, 0, 0.75593],
						"0.375": [0, 0, 0.29095],
						"0.4167": [0, 0, 0.1533],
						"0.4583": [0, 0, 0.04687],
						"0.5": [0, 0, 0]
					}
				}
			}
		}
	}
}